"","Type","Play","Character","lines","words"
"1","Comedy","Cymbeline","",1,7
"2","Comedy","As you Like it","a Lord",1,4
"3","Tragedy","Coriolanus","a Patrician",3,15
"4","Comedy","Taming of the Shrew","a Player",4,32
"5","Tragedy","Titus Andronicus","Aaron",356,2883
"6","History","Richard II","Abbot",10,73
"7","History","Henry VIII","Abergavenny",18,116
"8","Comedy","Measure for Measure","Abhorson",19,144
"9","Tragedy","Romeo and Juliet","Abraham",5,24
"10","Tragedy","Troilus and Cressida","Achilles",190,1351
"11","Comedy","As you Like it","Adam",65,517
"12","Comedy","The Tempest","Adrian",12,64
"13","Comedy","A Comedy of Errors","Adriana",276,2147
"14","Comedy","Loves Labours Lost","Adriano De Armado",268,1981
"15","Tragedy","Coriolanus","Aedile",16,83
"16","Comedy","A Comedy of Errors","Aegeon",147,1128
"17","Comedy","A Comedy of Errors","Aemelia",73,569
"18","Tragedy","Titus Andronicus","Aemilius",21,157
"19","Tragedy","Troilus and Cressida","Aeneas",145,1068
"20","Tragedy","Troilus and Cressida","Agamemnon",196,1436
"21","Tragedy","Antony and Cleopatra","Agrippa",61,373
"22","Tragedy","Troilus and Cressida","Ajax",84,552
"23","Tragedy","King Lear","Albany",160,1079
"24","Tragedy","Timon of Athens","Alcibiades",163,1204
"25","History","Henry VI Part 1","Alencon",49,368
"26","Tragedy","Troilus and Cressida","Alexander",33,264
"27","Tragedy","Antony and Cleopatra","Alexas",31,210
"28","History","Henry v","Alice",27,170
"29","Comedy","A Midsummer Nights Dream","all",2,12
"30","Comedy","Alls Well that Ends Well","all",2,15
"31","Tragedy","Antony and Cleopatra","all",10,32
"32","Tragedy","Coriolanus","all",17,74
"33","Comedy","Cymbeline","all",1,2
"34","Tragedy","Hamlet","all",4,11
"35","History","Henry v","all",2,2
"36","History","Henry VI Part 1","all",1,8
"37","History","Henry VI Part 2","all",14,88
"38","History","Henry VI Part 3","all",1,5
"39","History","Henry VIII","all",1,2
"40","Tragedy","Julius Caesar","all",10,56
"41","Tragedy","Macbeth","all",26,149
"42","Comedy","Merchant of Venice","all",1,3
"43","Comedy","Merry Wives of Windsor","all",1,7
"44","Tragedy","Othello","all",2,5
"45","Comedy","Pericles","all",3,15
"46","History","Richard II","all",1,1
"47","History","Richard III","all",3,19
"48","Comedy","Taming of the Shrew","all",1,1
"49","Tragedy","Timon of Athens","all",1,4
"50","Tragedy","Titus Andronicus","all",4,32
"51","Tragedy","Troilus and Cressida","all",2,7
"52","Tragedy","Coriolanus","all Citizens",1,7
"53","Tragedy","Coriolanus","all Conspirators",3,22
"54","Tragedy","Timon of Athens","all Ladies",1,4
"55","Tragedy","Timon of Athens","all Lords",1,4
"56","Tragedy","Timon of Athens","all Servants",6,25
"57","Tragedy","Titus Andronicus","all the Goths",1,10
"58","Tragedy","Coriolanus","all the Lords",1,5
"59","Tragedy","Coriolanus","all the People",3,23
"60","Comedy","The Tempest","Alonso",110,790
"61","Comedy","As you Like it","Amiens",37,225
"62","Tragedy","Troilus and Cressida","Andromache",15,117
"63","Comedy","A Comedy of Errors","Angelo",96,664
"64","Comedy","Measure for Measure","Angelo",321,2434
"65","Tragedy","Macbeth","Angus",21,142
"66","History","Henry VIII","Anne",62,424
"67","Comedy","Merry Wives of Windsor","Anne Page",28,187
"68","History","Richard III","Another",1,11
"69","Comedy","A Winters Tale","Antigonus",112,821
"70","Comedy","Pericles","Antiochus",69,495
"71","Comedy","A Comedy of Errors","Antipholus",6,45
"72","Comedy","Merchant of Venice","Antonio",189,1471
"73","Comedy","Much Ado About Nothing","Antonio",55,435
"74","Comedy","The Tempest","Antonio",148,1026
"75","Comedy","Twelfth Night","Antonio",105,812
"76","Comedy","Two Gentlemen of Verona","Antonio",35,271
"77","Tragedy","Julius Caesar","Antony",329,2591
"78","Tragedy","Timon of Athens","Apemantus",248,1873
"79","Tragedy","Romeo and Juliet","Apothecary",7,54
"80","History","Henry IV","Archbishop of York",34,263
"81","History","Richard III","Archbishop of York",12,93
"82","Comedy","A Winters Tale","Archidamus",22,176
"83","Comedy","The Tempest","Ariel",170,1218
"84","Comedy","Loves Labours Lost","Armado",1,3
"85","Comedy","Merchant of Venice","Arragon",65,512
"86","Tragedy","Julius Caesar","Artemidorus",19,146
"87","History","King John","Arthur",120,1001
"88","Comedy","Cymbeline","Arviragus",146,1015
"89","Tragedy","Antony and Cleopatra","Attendant",2,10
"90","Comedy","Cymbeline","Attendant",3,24
"91","Tragedy","Macbeth","Attendant",1,8
"92","Tragedy","Antony and Cleopatra","Attendants",1,3
"93","Comedy","As you Like it","Audrey",18,151
"94","Tragedy","Coriolanus","Aufidius",276,2112
"95","History","King John","Austria",34,242
"96","Comedy","A Winters Tale","Autolycus",294,2467
"97","History","Richard II","Bagot",22,177
"98","Comedy","Merchant of Venice","Balthasar",1,7
"99","Comedy","Much Ado About Nothing","Balthasar",28,184
"100","Tragedy","Romeo and Juliet","Balthasar",32,239
"101","Comedy","A Comedy of Errors","Balthazar",31,207
"102","Tragedy","Timon of Athens","Banditti",4,17
"103","Tragedy","Macbeth","Banquo",113,795
"104","Comedy","Taming of the Shrew","Baptista",176,1339
"105","History","Henry IV","Bardolph",28,203
"106","History","Henry v","Bardolph",29,231
"107","Comedy","Merry Wives of Windsor","Bardolph",23,173
"108","Comedy","Measure for Measure","Barnardine",14,120
"109","Comedy","Merchant of Venice","Bassanio",336,2636
"110","History","Henry VI Part 1","Basset",25,196
"111","Tragedy","Titus Andronicus","Bassianus",63,477
"112","History","King John","Bastard",523,4208
"113","History","Henry VI Part 1","Bastard of Orleans",29,232
"114","History","Henry v","Bates",17,169
"115","Comedy","Pericles","Bawd",99,859
"116","History","Henry VI Part 2","Beadle",2,12
"117","Comedy","Much Ado About Nothing","Beatrice",270,2394
"118","History","Henry v","Bedford",7,55
"119","History","Henry VI Part 1","Bedford",76,615
"120","Comedy","Cymbeline","Belarius",346,2588
"121","Comedy","Much Ado About Nothing","Benedick",432,3801
"122","Tragedy","Romeo and Juliet","Benvolio",160,1189
"123","Tragedy","Hamlet","Bernardo",38,226
"124","Comedy","Alls Well that Ends Well","Bertram",273,2102
"125","History","Henry VI Part 2","Bevis",14,123
"126","Tragedy","Othello","Bianca",34,275
"127","Comedy","Taming of the Shrew","Bianca",71,553
"128","History","King John","Bigot",9,63
"129","Comedy","Taming of the Shrew","Biondello",102,839
"130","Comedy","Loves Labours Lost","Biron",624,4958
"131","History","Richard II","Bishop of Carlisle",63,501
"132","History","Richard III","Bishop of Ely",7,48
"133","History","King John","Blanch",42,341
"134","History","Richard III","Blunt",8,71
"135","Comedy","The Tempest","Boatswain",45,359
"136","History","Henry VI Part 2","Bolingbroke",24,211
"137","History","Henry VI Part 3","Bona",9,75
"138","Comedy","Much Ado About Nothing","Borachio",123,1019
"139","Comedy","Alls Well that Ends Well","both",2,11
"140","Tragedy","Coriolanus","both",3,11
"141","History","Henry VI Part 2","both",1,8
"142","History","Henry VIII","both",1,5
"143","Comedy","Pericles","both",1,6
"144","History","Richard III","both",3,9
"145","Tragedy","Timon of Athens","both",8,45
"146","Tragedy","Coriolanus","both Citizens",1,7
"147","Tragedy","Macbeth","both Murderers",2,8
"148","Tragedy","Coriolanus","both Tribunes",4,13
"149","Comedy","A Midsummer Nights Dream","Bottom",204,1699
"150","Comedy","Pericles","Boult",79,675
"151","History","Henry v","Bourbon",18,143
"152","History","Henry v","Boy",72,644
"153","History","Henry VI Part 1","Boy",20,166
"154","History","Henry VIII","Boy",1,3
"155","Comedy","Much Ado About Nothing","Boy",2,6
"156","History","Richard III","Boy",19,167
"157","Tragedy","Troilus and Cressida","Boy",3,26
"158","Comedy","Loves Labours Lost","Boyet",236,1838
"159","Tragedy","Othello","Brabantio",140,1071
"160","History","Richard III","Brakenbury",39,311
"161","History","Henry VIII","Brandon",14,86
"162","Tragedy","Coriolanus","Brutus",247,1619
"163","Tragedy","Julius Caesar","Brutus",729,5508
"164","History","Henry VI Part 2","Buckingham",76,574
"165","History","Henry VIII","Buckingham",192,1518
"166","History","Richard III","Buckingham",365,2820
"167","History","Henry v","Burgundy",68,517
"168","History","Henry VI Part 1","Burgundy",44,347
"169","Tragedy","King Lear","Burgundy",12,69
"170","History","Richard II","Bushy",39,282
"171","History","Henry VI Part 2","Cade",242,2182
"172","Tragedy","Julius Caesar","Caesar",135,1030
"173","Tragedy","Macbeth","Caithness",11,76
"174","Comedy","Cymbeline","Caius Lucius",105,749
"175","Tragedy","Troilus and Cressida","Calchas",32,247
"176","Comedy","The Tempest","Caliban",175,1411
"177","Tragedy","Julius Caesar","Calpurnia",27,208
"178","History","Henry v","Cambridge",15,111
"179","Comedy","A Winters Tale","Camillo",299,2146
"180","Tragedy","Antony and Cleopatra","Canidius",25,170
"181","History","Henry v","Canterbury",223,1692
"182","Tragedy","Timon of Athens","Caphis",31,212
"183","Tragedy","Antony and Cleopatra","Captain",1,7
"184","Comedy","Cymbeline","Captain",11,72
"185","Tragedy","Hamlet","Captain",12,86
"186","History","Henry VI Part 1","Captain",7,48
"187","History","Henry VI Part 2","Captain",64,488
"188","Tragedy","King Lear","Captain",6,38
"189","History","Richard II","Captain",15,126
"190","Tragedy","Titus Andronicus","Captain",7,94
"191","Comedy","Twelfth Night","Captain",32,242
"192","History","Henry VIII","Capucius",11,66
"193","Tragedy","Romeo and Juliet","Capulet",273,2223
"194","History","Henry VI Part 2","Cardinal",108,852
"195","History","Richard III","Cardinal",9,76
"196","History","Henry VIII","Cardinal Campeius",53,391
"197","History","King John","Cardinal Pandulph",164,1285
"198","History","Henry VIII","Cardinal Wolsey",439,3285
"199","History","Henry IV","Carrier",1,4
"200","Tragedy","Julius Caesar","Casca",133,1075
"201","Tragedy","Troilus and Cressida","Cassandra",37,263
"202","Tragedy","Othello","Cassio",279,2022
"203","Tragedy","Julius Caesar","Cassius",525,3931
"204","History","Richard III","Catesby",63,463
"205","Tragedy","Julius Caesar","Cato",8,56
"206","Comedy","As you Like it","Celia",276,2155
"207","Comedy","The Tempest","Ceres",24,166
"208","Comedy","Pericles","Cerimon",109,758
"209","History","Henry IV","Chamberlain",17,153
"210","History","Henry VIII","Chamberlain",151,1133
"211","History","Henry VIII","Chancellor",32,238
"212","Comedy","As you Like it","Charles",41,381
"213","History","Henry VI Part 1","Charles",135,1066
"214","Tragedy","Antony and Cleopatra","Charmian",105,635
"215","History","King John","Chatillon",41,302
"216","History","Richard III","Children",3,27
"217","Tragedy","Titus Andronicus","Chiron",53,429
"218","History","Henry v","Chorus",223,1710
"219","History","Henry VIII","Chorus",34,289
"220","Tragedy","Romeo and Juliet","Chorus",14,118
"221","History","Richard III","Christopher",8,59
"222","Tragedy","Julius Caesar","Cicero",9,65
"223","Tragedy","Julius Caesar","Cinna",18,133
"224","Tragedy","Julius Caesar","Cinna the Poet",14,106
"225","Tragedy","Coriolanus","Citizen",4,20
"226","Tragedy","Coriolanus","Citizens",24,148
"227","Tragedy","Julius Caesar","Citizens",2,14
"228","History","Richard III","Citizens",1,1
"229","History","Henry VI Part 3","Clarence",91,709
"230","History","Richard III","Clarence",163,1324
"231","Comedy","Measure for Measure","Claudio",113,807
"232","Comedy","Much Ado About Nothing","Claudio",287,2113
"233","Tragedy","Julius Caesar","Claudius",4,16
"234","Comedy","A Winters Tale","Cleomenes",23,143
"235","Comedy","Pericles","Cleon",110,860
"236","Tragedy","Antony and Cleopatra","Cleopatra",689,4876
"237","History","Henry VI Part 2","Clerk",3,18
"238","Comedy","Merchant of Venice","Clerk",17,141
"239","History","Henry VI Part 2","Clifford",56,479
"240","History","Henry VI Part 3","Clifford",141,1135
"241","Tragedy","Julius Caesar","Clitus",10,74
"242","Comedy","Cymbeline","Cloten",270,2108
"243","Comedy","A Winters Tale","Clown",184,1644
"244","Comedy","Alls Well that Ends Well","Clown",193,1717
"245","Tragedy","Antony and Cleopatra","Clown",28,252
"246","Tragedy","Othello","Clown",27,233
"247","Tragedy","Titus Andronicus","Clown",21,175
"248","Comedy","Twelfth Night","Clown",308,2477
"249","Comedy","A Midsummer Nights Dream","Cobweb",4,5
"250","Tragedy","Coriolanus","Cominius",287,2042
"251","History","Henry VI Part 2","Commons",3,22
"252","Comedy","Much Ado About Nothing","Conrade",34,250
"253","History","Henry v","Constable",115,933
"254","History","King John","Constance",264,2160
"255","Tragedy","King Lear","Cordelia",118,853
"256","Comedy","As you Like it","Corin",69,559
"257","Tragedy","Coriolanus","Coriolanus",681,4960
"258","Comedy","Cymbeline","Cornelius",74,541
"259","Tragedy","King Lear","Cornwall",108,758
"260","Comedy","Loves Labours Lost","Costard",207,1610
"261","Comedy","Alls Well that Ends Well","Countess",281,2226
"262","History","Henry v","Court",2,11
"263","Comedy","A Comedy of Errors","Courtezan",40,306
"264","History","Henry VIII","Cranmer",136,1058
"265","Tragedy","Troilus and Cressida","Cressida",295,2180
"266","History","Henry VIII","Crier",4,46
"267","History","Henry VIII","Cromwell",50,318
"268","Tragedy","Timon of Athens","Cupid",6,49
"269","Tragedy","King Lear","Curan",9,78
"270","Comedy","Twelfth Night","Curio",5,42
"271","Comedy","Taming of the Shrew","Curtis",25,176
"272","Comedy","Cymbeline","Cymbeline",297,2054
"273","Tragedy","Hamlet","Danes",3,14
"274","Tragedy","Julius Caesar","Dardanius",3,15
"275","Comedy","Pericles","Daughter",2,18
"276","History","Henry v","Dauphin",115,919
"277","Tragedy","Julius Caesar","Decius Brutus",44,332
"278","Tragedy","Troilus and Cressida","Deiphobus",2,10
"279","Comedy","A Midsummer Nights Dream","Demetrius",134,1084
"280","Tragedy","Antony and Cleopatra","Demetrius",5,36
"281","Tragedy","Titus Andronicus","Demetrius",94,739
"282","Comedy","As you Like it","Dennis",3,17
"283","History","Henry VIII","Denny",4,21
"284","History","Richard III","Derby",57,452
"285","Tragedy","Antony and Cleopatra","Dercetas",21,159
"286","Tragedy","Othello","Desdemona",388,2821
"287","Comedy","Alls Well that Ends Well","Diana",136,1048
"288","Comedy","Pericles","Diana",10,73
"289","History","Henry VI Part 2","Dick",36,261
"290","Tragedy","Antony and Cleopatra","Diomedes",19,129
"291","Tragedy","Troilus and Cressida","Diomedes",104,716
"292","Comedy","A Winters Tale","Dion",28,194
"293","Comedy","Pericles","Dionyza",90,683
"294","Tragedy","King Lear","Doctor",18,127
"295","Tragedy","Macbeth","Doctor",45,327
"296","History","Henry VIII","Doctor Butts",9,61
"297","Comedy","Merry Wives of Windsor","Doctor Caius",94,853
"298","Comedy","Much Ado About Nothing","Dogberry",175,1552
"299","Tragedy","Antony and Cleopatra","Dolabella",50,310
"300","Tragedy","Antony and Cleopatra","Domitius Enobarbus",356,2549
"301","Comedy","Much Ado About Nothing","Don John",107,904
"302","Comedy","Much Ado About Nothing","Don Pedro",313,2517
"303","Tragedy","Macbeth","Donalbain",10,63
"304","Comedy","A Winters Tale","Dorcas",12,67
"305","History","Richard III","Dorset",20,155
"306","Comedy","A Comedy of Errors","Dromio of Ephesus",187,1417
"307","Comedy","A Comedy of Errors","Dromio of Syracuse",314,2199
"308","History","Henry VI Part 2","Duchess",119,1002
"309","History","Richard II","Duchess",58,476
"310","History","Richard II","Duchess of York",94,753
"311","History","Richard III","Duchess of York",142,1127
"312","Comedy","Alls Well that Ends Well","Duke",19,125
"313","Comedy","Measure for Measure","Duke",1,6
"314","Comedy","Merchant of Venice","Duke",57,428
"315","Comedy","Two Gentlemen of Verona","Duke",200,1564
"316","Comedy","As you Like it","Duke Frederick",69,540
"317","History","Richard II","Duke of Aumerle",85,690
"318","History","Richard II","Duke of Surrey",10,78
"319","Tragedy","Othello","Duke of Venice",71,491
"320","History","Richard II","Duke of York",290,2303
"321","Comedy","Twelfth Night","Duke Orsino",220,1665
"322","Comedy","As you Like it","Duke Senior",111,838
"323","Comedy","A Comedy of Errors","Duke Solinus",93,712
"324","Comedy","Measure for Measure","Duke Vincentio",858,6723
"325","Comedy","Loves Labours Lost","Dull",30,248
"326","Comedy","Loves Labours Lost","Dumain",93,570
"327","Tragedy","Macbeth","Duncan",70,480
"328","History","Henry IV","Earl of Douglas",46,355
"329","History","Richard II","Earl of Salisbury",20,159
"330","History","Henry IV","Earl of Worcester",188,1448
"331","Tragedy","King Lear","Edgar",396,2984
"332","Tragedy","King Lear","Edmund",319,2410
"333","History","Henry VI Part 2","Edward",1,8
"334","History","Henry VI Part 3","Edward",132,1103
"335","Comedy","A Midsummer Nights Dream","Egeus",41,302
"336","Comedy","Two Gentlemen of Verona","Eglamour",28,197
"337","Tragedy","Antony and Cleopatra","Egyptian",6,38
"338","Comedy","Measure for Measure","Elbow",68,609
"339","History","King John","Elinor",2,8
"340","History","Henry v","Ely",27,185
"341","Comedy","A Winters Tale","Emilia",21,147
"342","Tragedy","Othello","Emilia",245,1863
"343","History","King John","English Herald",13,105
"344","Tragedy","Antony and Cleopatra","Eros",47,289
"345","History","Henry v","Erpingham",7,53
"346","Comedy","Measure for Measure","Escalus",188,1443
"347","Comedy","Pericles","Escanes",2,6
"348","History","King John","Essex",3,25
"349","Tragedy","Antony and Cleopatra","Euphronius",16,108
"350","History","Henry v","Exeter",130,1013
"351","History","Henry VI Part 1","Exeter",61,451
"352","History","Henry VI Part 3","Exeter",17,139
"353","History","Richard II","Exton",21,183
"354","Comedy","Twelfth Night","Fabian",109,880
"355","Comedy","A Midsummer Nights Dream","Fairy",31,215
"356","History","Henry IV","Falstaff",617,5693
"357","Comedy","Merry Wives of Windsor","Falstaff",436,3799
"358","History","Henry VI Part 1","Fastolfe",8,56
"359","History","Henry VI Part 3","Father",27,224
"360","Comedy","Merry Wives of Windsor","Fenton",94,769
"361","Comedy","Loves Labours Lost","Ferdinand",315,2439
"362","Comedy","The Tempest","Ferdinand",148,1061
"363","Tragedy","Coriolanus","Fifth Citizen",2,14
"364","Tragedy","Hamlet","First Ambassador",6,41
"365","History","Henry v","First Ambassador",17,134
"366","Tragedy","Macbeth","First Apparition",2,13
"367","Tragedy","Antony and Cleopatra","First Attendant",3,16
"368","Tragedy","Timon of Athens","First Bandit",11,90
"369","Comedy","Cymbeline","First Brother",12,64
"370","Comedy","Cymbeline","First Captain",4,31
"371","History","Henry IV","First Carrier",20,180
"372","Tragedy","Coriolanus","First Citizen",79,659
"373","History","Henry VI Part 2","First Citizen",4,38
"374","Tragedy","Julius Caesar","First Citizen",22,132
"375","History","King John","First Citizen",64,527
"376","History","Richard III","First Citizen",8,67
"377","Tragedy","Romeo and Juliet","First Citizen",7,53
"378","Tragedy","Hamlet","First Clown",94,761
"379","Tragedy","Julius Caesar","First Commoner",1,4
"380","Tragedy","Coriolanus","First Conspirator",8,59
"381","History","King John","First Executioner",2,19
"382","Comedy","Pericles","First Fisherman",38,328
"383","Comedy","Cymbeline","First Gaoler",45,420
"384","History","Henry VI Part 1","First Gaoler",4,31
"385","Comedy","A Winters Tale","First Gentleman",26,222
"386","Comedy","Alls Well that Ends Well","First Gentleman",12,73
"387","Comedy","Cymbeline","First Gentleman",67,526
"388","History","Henry VI Part 2","First Gentleman",7,57
"389","History","Henry VIII","First Gentleman",108,747
"390","Comedy","Measure for Measure","First Gentleman",22,172
"391","Tragedy","Othello","First Gentleman",3,19
"392","Comedy","Pericles","First Gentleman",24,137
"393","Tragedy","Titus Andronicus","First Goth",11,82
"394","Tragedy","Antony and Cleopatra","First Guard",19,119
"395","History","Richard II","First Herald",6,48
"396","Comedy","Taming of the Shrew","First Huntsman",9,76
"397","History","Henry VI Part 3","First Keeper",18,158
"398","Comedy","Pericles","First Knight",4,29
"399","Comedy","A Winters Tale","First Lady",9,50
"400","Comedy","Cymbeline","First Lady",2,8
"401","Tragedy","Timon of Athens","First Lady",1,9
"402","Comedy","A Winters Tale","First Lord",36,245
"403","Comedy","Alls Well that Ends Well","First Lord",114,876
"404","Comedy","As you Like it","First Lord",46,358
"405","Tragedy","Coriolanus","First Lord",13,89
"406","Comedy","Cymbeline","First Lord",39,302
"407","Comedy","Loves Labours Lost","First Lord",2,7
"408","Comedy","Pericles","First Lord",26,202
"409","Tragedy","Timon of Athens","First Lord",43,302
"410","Comedy","A Comedy of Errors","First Merchant",18,120
"411","History","Henry VI Part 3","First Messenger",1,6
"412","History","Henry VI Part 2","First Murder",1,4
"413","History","Henry VI Part 2","First Murderer",4,29
"414","Tragedy","Macbeth","First Murderer",30,172
"415","History","Richard III","First Murderer",58,450
"416","Tragedy","Othello","First Musician",5,23
"417","Tragedy","Romeo and Juliet","First Musician",9,64
"418","History","Henry VI Part 2","First Neighbour",2,21
"419","Tragedy","Coriolanus","First Officer",15,143
"420","Tragedy","Othello","First Officer",5,29
"421","Comedy","Twelfth Night","First Officer",12,102
"422","Comedy","Two Gentlemen of Verona","First Outlaw",21,160
"423","Comedy","As you Like it","First Page",5,40
"424","History","Henry VI Part 2","First Petitioner",8,66
"425","Comedy","Pericles","First Pirate",2,8
"426","Tragedy","Hamlet","First Player",52,374
"427","Tragedy","Hamlet","First Priest",13,93
"428","Tragedy","Coriolanus","First Roman",1,6
"429","Tragedy","Hamlet","First Sailor",5,41
"430","Comedy","Pericles","First Sailor",9,71
"431","History","Henry VIII","First Secretary",2,8
"432","Tragedy","Coriolanus","First Senator",90,612
"433","Comedy","Cymbeline","First Senator",15,104
"434","Tragedy","Othello","First Senator",26,185
"435","Tragedy","Timon of Athens","First Senator",90,582
"436","History","Henry VI Part 1","First Sentinel",4,23
"437","Comedy","A Winters Tale","First Servant",3,14
"438","Tragedy","Antony and Cleopatra","First Servant",9,69
"439","Tragedy","King Lear","First Servant",9,77
"440","Comedy","Merry Wives of Windsor","First Servant",2,16
"441","Comedy","Pericles","First Servant",6,33
"442","Tragedy","Romeo and Juliet","First Servant",10,82
"443","Comedy","Taming of the Shrew","First Servant",16,134
"444","Tragedy","Timon of Athens","First Servant",18,104
"445","Tragedy","Coriolanus","First Servingman",29,244
"446","Comedy","Alls Well that Ends Well","First Soldier",78,611
"447","Tragedy","Antony and Cleopatra","First Soldier",26,154
"448","Tragedy","Coriolanus","First Soldier",11,60
"449","History","Henry VI Part 1","First Soldier",3,22
"450","Tragedy","Julius Caesar","First Soldier",5,30
"451","Tragedy","Timon of Athens","First Stranger",31,238
"452","History","Henry IV","First Traveller",2,20
"453","Comedy","Cymbeline","First Tribune",3,15
"454","History","Henry VI Part 1","First Warder",4,36
"455","History","Henry VI Part 3","First Watchman",8,64
"456","Comedy","Much Ado About Nothing","First Watchman",10,82
"457","Tragedy","Romeo and Juliet","First Watchman",19,139
"458","Tragedy","Macbeth","First Witch",63,384
"459","Tragedy","Timon of Athens","Flaminius",31,241
"460","Tragedy","Julius Caesar","Flavius",26,204
"461","Tragedy","Timon of Athens","Flavius",257,1951
"462","Tragedy","Macbeth","Fleance",2,16
"463","Comedy","A Winters Tale","Florizel",206,1435
"464","History","Henry v","Fluellen",281,2527
"465","Comedy","A Midsummer Nights Dream","Flute",23,174
"466","Tragedy","King Lear","Fool",227,1806
"467","Tragedy","Timon of Athens","Fool",24,199
"468","Comedy","Merry Wives of Windsor","Ford",305,2589
"469","Comedy","As you Like it","Forester",10,64
"470","Comedy","Loves Labours Lost","Forester",5,35
"471","Tragedy","Coriolanus","Fourth Citizen",6,45
"472","Tragedy","Julius Caesar","Fourth Citizen",20,142
"473","Tragedy","Othello","Fourth Gentleman",2,19
"474","Comedy","Alls Well that Ends Well","Fourth Lord",1,6
"475","Tragedy","Timon of Athens","Fourth Lord",3,18
"476","History","Richard III","Fourth Messenger",10,77
"477","Tragedy","Antony and Cleopatra","Fourth Soldier",5,28
"478","History","Henry IV","Francis",15,84
"479","Comedy","Measure for Measure","Francisca",9,78
"480","Tragedy","Hamlet","Francisco",10,55
"481","Comedy","The Tempest","Francisco",11,84
"482","History","King John","French Herald",12,91
"483","History","Henry v","French King",15,117
"484","History","Henry v","French Soldier",15,106
"485","Comedy","Cymbeline","Frenchman",22,182
"486","Comedy","Much Ado About Nothing","Friar Francis",83,602
"487","Tragedy","Romeo and Juliet","Friar John",13,101
"488","Tragedy","Romeo and Juliet","Friar Laurence",351,2809
"489","Comedy","Measure for Measure","Friar Peter",36,275
"490","Comedy","Measure for Measure","Friar Thomas",6,37
"491","Comedy","Measure for Measure","Froth",10,60
"492","History","Henry IV","Gadshill",44,353
"493","Tragedy","Antony and Cleopatra","Gallus",2,13
"494","Comedy","A Comedy of Errors","Gaoler",1,4
"495","Comedy","A Winters Tale","Gaoler",13,72
"496","History","Richard II","Gardener",52,427
"497","History","Henry VIII","Gardiner",92,680
"498","History","Henry VI Part 1","Gargrave",2,18
"499","History","Henry VIII","Garter",3,21
"500","History","Henry VI Part 1","General",28,214
"501","Comedy","A Winters Tale","Gentleman",18,121
"502","Comedy","Alls Well that Ends Well","Gentleman",22,134
"503","Tragedy","Hamlet","Gentleman",24,178
"504","History","Henry VIII","Gentleman",4,26
"505","Tragedy","King Lear","Gentleman",84,596
"506","Tragedy","Othello","Gentleman",1,6
"507","History","Richard III","Gentleman",1,9
"508","History","Richard III","Gentlemen",1,4
"509","Tragedy","Coriolanus","Gentlewoman",1,9
"510","Tragedy","Macbeth","Gentlewoman",23,183
"511","History","Henry VI Part 3","George",21,176
"512","Tragedy","Hamlet","Ghost",95,692
"513","Tragedy","Julius Caesar","Ghost",3,16
"514","History","Richard III","Ghost of Clarence",9,71
"515","History","Richard III","Ghost of Grey",2,12
"516","History","Richard III","Ghost of Hastings",7,39
"517","History","Richard III","Ghost of Lady Anne",10,65
"518","History","Richard III","Ghost of Rivers",3,21
"519","History","Richard III","Ghost of Vaughan",3,18
"520","History","Richard III","Girl",6,40
"521","History","Henry VI Part 1","Glansdale",1,9
"522","History","Henry IV","Glendower",79,626
"523","History","Henry v","Gloucester",5,28
"524","History","Henry VI Part 1","Gloucester",212,1564
"525","History","Henry VI Part 2","Gloucester",309,2422
"526","History","Henry VI Part 3","Gloucester",244,1995
"527","Tragedy","King Lear","Gloucester",342,2607
"528","History","Richard III","Gloucester",699,5540
"529","Comedy","Merchant of Venice","Gobbo",37,303
"530","Tragedy","King Lear","Goneril",202,1525
"531","Comedy","The Tempest","Gonzalo",163,1238
"532","History","Henry v","Governor",7,56
"533","History","Henry v","Gower",66,528
"534","Comedy","Pericles","Gower",281,2084
"535","History","Henry v","Grandpre",18,142
"536","Comedy","Merchant of Venice","Gratiano",175,1417
"537","Tragedy","Othello","Gratiano",32,207
"538","History","Richard II","Green",32,246
"539","Tragedy","Romeo and Juliet","Gregory",20,151
"540","Comedy","Taming of the Shrew","Gremio",169,1359
"541","History","Henry v","Grey",12,84
"542","History","Richard III","Grey",10,90
"543","History","Henry VIII","Griffith",60,581
"544","History","Richard II","Groom",12,95
"545","Comedy","Taming of the Shrew","Grumio",170,1478
"546","Tragedy","Antony and Cleopatra","Guard",4,21
"547","Comedy","Cymbeline","Guiderius",165,1120
"548","Tragedy","Hamlet","Guildenstern",52,339
"549","History","Henry VIII","Guildford",9,71
"550","History","King John","Gurney",1,4
"551","Comedy","Taming of the Shrew","Haberdasher",1,8
"552","Tragedy","Hamlet","Hamlet",1503,11985
"553","History","Henry VI Part 3","Hastings",20,159
"554","History","Richard III","Hastings",144,1175
"555","Tragedy","Macbeth","Hecate",41,289
"556","Tragedy","Troilus and Cressida","Hector",214,1586
"557","Tragedy","Troilus and Cressida","Helen",24,177
"558","Comedy","A Midsummer Nights Dream","Helena",229,1851
"559","Comedy","Alls Well that Ends Well","Helena",473,3652
"560","Tragedy","Troilus and Cressida","Helenus",4,37
"561","Comedy","Pericles","Helicanus",123,900
"562","History","Richard II","Henry Bolingbroke",413,3203
"563","History","Richard II","Henry Percy",45,357
"564","Tragedy","Coriolanus","Herald",6,38
"565","History","Henry v","Herald",1,9
"566","History","Henry VI Part 2","Herald",2,18
"567","Tragedy","King Lear","Herald",10,60
"568","Tragedy","Othello","Herald",12,102
"569","History","Richard III","Herbert",1,10
"570","Comedy","A Midsummer Nights Dream","Hermia",165,1304
"571","Comedy","A Winters Tale","Hermione",211,1630
"572","Comedy","A Midsummer Nights Dream","Hernia",1,8
"573","Comedy","Much Ado About Nothing","Hero",131,1001
"574","Comedy","A Midsummer Nights Dream","Hippolyta",34,256
"575","History","Henry VI Part 2","Holland",18,136
"576","Comedy","Loves Labours Lost","Holofernes",186,1340
"577","Tragedy","Hamlet","Horatio",289,2090
"578","History","Henry VI Part 2","Horner",23,202
"579","Comedy","Taming of the Shrew","Hortensia",1,8
"580","Comedy","Taming of the Shrew","Hortensio",206,1613
"581","Tragedy","Timon of Athens","Hortensius",20,131
"582","Comedy","Merry Wives of Windsor","Host",107,877
"583","Comedy","Two Gentlemen of Verona","Host",38,250
"584","History","Henry IV","Hostess",49,417
"585","History","Henry v","Hostess",41,377
"586","Comedy","Taming of the Shrew","Hostess",4,27
"587","History","Henry IV","Hotspur",562,4452
"588","History","King John","Hubert",141,1047
"589","History","Henry VI Part 2","Hume",31,252
"590","History","Henry VI Part 3","Huntsman",2,19
"591","Comedy","As you Like it","Hymen",31,171
"592","Comedy","Cymbeline","Iachimo",430,3277
"593","Tragedy","Othello","Iago",1101,8617
"594","History","Henry VI Part 2","Iden",51,442
"595","Comedy","Cymbeline","Imogen",605,4582
"596","Tragedy","Antony and Cleopatra","Iras",25,160
"597","Comedy","The Tempest","Iris",42,343
"598","Comedy","Measure for Measure","Isabella",420,3108
"599","History","Henry v","Jamy",11,103
"600","Comedy","Loves Labours Lost","Jaquenetta",22,107
"601","Comedy","As you Like it","Jaques",227,1824
"602","Comedy","As you Like it","Jaques De Boys",17,130
"603","Comedy","Merchant of Venice","Jessica",86,678
"604","Tragedy","Timon of Athens","Jeweller",8,57
"605","History","Henry VI Part 1","Joan La Pucelle",257,2049
"606","History","Henry VI Part 3","John Mortimer",1,11
"607","History","Richard II","John of Gaunt",191,1559
"608","History","Henry VI Part 1","John Talbot",47,410
"609","Comedy","Taming of the Shrew","Joseph",1,2
"610","Comedy","Two Gentlemen of Verona","Julia",322,2492
"611","Comedy","Measure for Measure","Juliet",10,66
"612","Tragedy","Romeo and Juliet","Juliet",544,4408
"613","Comedy","The Tempest","Juno",8,45
"614","Comedy","Cymbeline","Jupiter",21,159
"615","Comedy","Measure for Measure","Justice",3,10
"616","Comedy","Taming of the Shrew","Katarina",3,23
"617","Comedy","Taming of the Shrew","Katharina",216,1774
"618","History","Henry v","Katharine",58,466
"619","History","Henry VIII","Katharine",114,888
"620","Comedy","Loves Labours Lost","Katharine",46,369
"621","History","Henry VIII","Keeper",7,41
"622","History","Richard II","Keeper",5,38
"623","Tragedy","King Lear","Kent",369,2680
"624","Comedy","Alls Well that Ends Well","King",387,2965
"625","Tragedy","Hamlet","King Claudius",546,4159
"626","History","Henry VI Part 3","King Edward Iv",298,2487
"627","History","Richard III","King Edward Iv",65,522
"628","History","Henry IV","King Henry Iv",341,2617
"629","History","Henry v","King Henry v",1029,8513
"630","History","Henry VI Part 1","King Henry Vi",189,1414
"631","History","Henry VI Part 2","King Henry Vi",317,2564
"632","History","Henry VI Part 3","King Henry Vi",365,2998
"633","History","Henry VIII","King Henry Viii",479,3656
"634","History","King John","King Henry Viii",2,8
"635","History","King John","King John",441,3385
"636","Tragedy","King Lear","King Lear",753,5791
"637","History","Henry VI Part 3","King Lewis Xi",67,527
"638","History","Henry v","King of France",79,596
"639","Tragedy","King Lear","King of France",32,246
"640","History","King John","King Philip",193,1524
"641","History","Richard II","King Richard Ii",758,6143
"642","History","Richard III","King Richard Iii",474,3634
"643","Tragedy","King Lear","Knight",14,107
"644","Comedy","Pericles","Knights",3,20
"645","Comedy","Cymbeline","Lady",13,64
"646","History","Richard II","Lady",6,31
"647","Tragedy","Romeo and Juliet","Lady  Capulet",2,11
"648","History","Richard III","Lady Anne",158,1217
"649","Tragedy","Romeo and Juliet","Lady Capulet",113,895
"650","History","King John","Lady Faulconbridge",15,127
"651","History","Henry VI Part 3","Lady Grey",36,303
"652","Tragedy","Macbeth","Lady Macbeth",265,1954
"653","Tragedy","Macbeth","Lady Macduff",41,297
"654","Tragedy","Romeo and Juliet","Lady Montague",3,29
"655","History","Henry IV","Lady Percy",57,433
"656","Tragedy","Hamlet","Laertes",207,1488
"657","Comedy","Alls Well that Ends Well","Lafeu",274,2305
"658","History","Henry IV","Lancaster",8,65
"659","Tragedy","Coriolanus","Lartius",54,362
"660","Comedy","Two Gentlemen of Verona","Launce",203,1889
"661","Comedy","Merchant of Venice","Launcelot",168,1479
"662","Tragedy","Titus Andronicus","Lavinia",60,472
"663","History","Henry VI Part 1","Lawyer",6,31
"664","Comedy","As you Like it","Le Beau",46,377
"665","Tragedy","King Lear","Lear",6,50
"666","History","Henry VI Part 1","Legate",2,9
"667","Tragedy","Macbeth","Lennox",74,524
"668","Comedy","Merchant of Venice","Leonardo",2,11
"669","Comedy","Much Ado About Nothing","Leonato",328,2688
"670","Comedy","Pericles","Leonine",24,149
"671","Comedy","A Winters Tale","Leontes",693,5060
"672","Tragedy","Antony and Cleopatra","Lepidus",68,408
"673","Tragedy","Julius Caesar","Lepidus",4,23
"674","History","King John","Lewis",154,1218
"675","Tragedy","Coriolanus","Lieutenant",12,90
"676","History","Henry VI Part 3","Lieutenant",3,21
"677","Tragedy","Julius Caesar","Ligarius",15,113
"678","History","Henry VIII","Lincoln",8,53
"679","Comedy","A Midsummer Nights Dream","Lion",9,69
"680","Tragedy","Othello","Lodovico",76,540
"681","Comedy","Pericles","Lodovico",42,286
"682","Comedy","Loves Labours Lost","Longaville",69,523
"683","Comedy","A Winters Tale","Lord",24,174
"684","Comedy","Cymbeline","Lord",7,36
"685","Tragedy","Hamlet","Lord",7,67
"686","Tragedy","Macbeth","Lord",21,160
"687","Comedy","Much Ado About Nothing","Lord",1,4
"688","Comedy","Pericles","Lord",7,51
"689","History","Richard II","Lord",5,45
"690","Comedy","Taming of the Shrew","Lord",138,1091
"691","History","Richard II","Lord Berkeley",8,70
"692","History","Richard II","Lord Fitzwater",27,223
"693","History","Richard II","Lord Marshal",25,208
"694","History","Richard III","Lord Mayor",16,133
"695","Tragedy","Hamlet","Lord Polonius",355,2733
"696","History","Richard II","Lord Ross",22,181
"697","History","Richard III","Lord Stanley",14,119
"698","History","Richard II","Lord Willoughby",12,104
"699","Comedy","A Winters Tale","Lords",3,19
"700","Tragedy","Coriolanus","Lords",2,6
"701","Comedy","Cymbeline","Lords",1,2
"702","Tragedy","Macbeth","Lords",3,13
"703","History","Richard III","Lords",3,14
"704","Comedy","Merchant of Venice","Lorenzo",179,1360
"705","History","Richard III","Lovel",3,20
"706","History","Henry VIII","Lovell",68,489
"707","Comedy","A Comedy of Errors","Luce",11,72
"708","Comedy","Taming of the Shrew","Lucentio",190,1409
"709","Comedy","The Tempest","Lucentio",1,5
"710","Comedy","Two Gentlemen of Verona","Lucetta",73,568
"711","Comedy","A Comedy of Errors","Luciana",108,807
"712","Tragedy","Hamlet","Lucianus",6,41
"713","Tragedy","Julius Caesar","Lucilius",26,189
"714","Tragedy","Timon of Athens","Lucilius",45,384
"715","Comedy","Measure for Measure","Lucio",303,2408
"716","Tragedy","Julius Caesar","Lucius",33,209
"717","Tragedy","Titus Andronicus","Lucius",188,1505
"718","Tragedy","Troilus and Cressida","Lucius",32,240
"719","Tragedy","Timon of Athens","Lucullus",33,290
"720","History","Henry VI Part 1","Lucy",77,607
"721","Comedy","Pericles","Lychorida",11,75
"722","Comedy","A Midsummer Nights Dream","Lysander",178,1421
"723","Comedy","Pericles","Lysimachus",103,741
"724","Tragedy","Macbeth","Macbeth",718,5513
"725","Tragedy","Macbeth","Macduff",180,1201
"726","History","Henry v","Macmorris",20,206
"727","Tragedy","Macbeth","Malcolm",212,1544
"728","Comedy","Twelfth Night","Malvolio",275,2270
"729","Comedy","A Winters Tale","Mamillius",22,159
"730","History","Henry VIII","Man",41,367
"731","Tragedy","Hamlet","Marcellus",62,427
"732","Tragedy","Coriolanus","Marcius",220,1703
"733","Tragedy","Titus Andronicus","Marcus",47,400
"734","Tragedy","Titus Andronicus","Marcus Andronicus",263,2045
"735","Tragedy","Antony and Cleopatra","Mardian",19,120
"736","Tragedy","Troilus and Cressida","Margarelon",3,15
"737","History","Henry VI Part 1","Margaret",33,258
"738","Comedy","Much Ado About Nothing","Margaret",62,559
"739","History","Henry VI Part 2","Margaret Jourdain",4,27
"740","Comedy","Loves Labours Lost","Maria",43,328
"741","Comedy","Twelfth Night","Maria",141,1235
"742","Comedy","Alls Well that Ends Well","Mariana",20,175
"743","Comedy","Measure for Measure","Mariana",68,496
"744","Comedy","Pericles","Marina",186,1299
"745","Comedy","A Winters Tale","Mariner",11,80
"746","Comedy","The Tempest","Mariners",1,8
"747","Tragedy","Antony and Cleopatra","Mark Antony",849,6165
"748","Comedy","Pericles","Marshal",1,5
"749","Tragedy","Titus Andronicus","Martius",32,254
"750","Tragedy","Julius Caesar","Marullus",31,242
"751","History","Henry VI Part 2","Master",2,22
"752","Comedy","The Tempest","Master",3,17
"753","History","Henry VI Part 1","Mayor",23,178
"754","History","Henry VI Part 2","Mayor",2,15
"755","History","Henry VI Part 3","Mayor",5,44
"756","Tragedy","Antony and Cleopatra","Mecaenas",36,226
"757","History","King John","Melun",39,311
"758","Tragedy","Antony and Cleopatra","Menas",64,433
"759","Tragedy","Antony and Cleopatra","Menecrates",6,38
"760","Tragedy","Troilus and Cressida","Menelaus",12,84
"761","Tragedy","Coriolanus","Menenius",589,4379
"762","Tragedy","Macbeth","Menteith",12,72
"763","Comedy","Loves Labours Lost","Mercade",4,28
"764","Tragedy","Timon of Athens","Merchant",13,81
"765","Tragedy","Romeo and Juliet","Mercutio",261,2163
"766","Tragedy","Julius Caesar","Messala",39,261
"767","Tragedy","Antony and Cleopatra","Messenger",78,461
"768","Tragedy","Coriolanus","Messenger",38,278
"769","Comedy","Cymbeline","Messenger",3,22
"770","Tragedy","Hamlet","Messenger",5,36
"771","History","Henry IV","Messenger",8,65
"772","History","Henry v","Messenger",6,36
"773","History","Henry VI Part 1","Messenger",98,728
"774","History","Henry VI Part 2","Messenger",31,231
"775","History","Henry VI Part 3","Messenger",36,288
"776","History","Henry VIII","Messenger",4,29
"777","Tragedy","Julius Caesar","Messenger",4,24
"778","History","King John","Messenger",28,216
"779","Tragedy","King Lear","Messenger",19,130
"780","Tragedy","Macbeth","Messenger",23,180
"781","Comedy","Measure for Measure","Messenger",6,44
"782","Comedy","Much Ado About Nothing","Messenger",30,230
"783","Tragedy","Othello","Messenger",9,62
"784","Comedy","Pericles","Messenger",1,6
"785","History","Richard III","Messenger",30,221
"786","Comedy","Taming of the Shrew","Messenger",8,63
"787","Tragedy","Timon of Athens","Messenger",20,122
"788","Tragedy","Titus Andronicus","Messenger",7,60
"789","Tragedy","Julius Caesar","Metellus Cimber",17,125
"790","History","Henry VI Part 2","Michael",4,22
"791","Comedy","The Tempest","Miranda",142,944
"792","Comedy","Merry Wives of Windsor","Mistress Ford",166,1338
"793","Comedy","Measure for Measure","Mistress Overdone",29,236
"794","Comedy","Merry Wives of Windsor","Mistress Page",306,2603
"795","Comedy","Merry Wives of Windsor","Mistress Quickly",263,2320
"796","History","Henry VI Part 3","Montague",32,273
"797","Tragedy","Romeo and Juliet","Montague",41,325
"798","Tragedy","Othello","Montano",61,431
"799","History","Henry v","Montjoy",53,405
"800","Comedy","A Midsummer Nights Dream","Moonshine",6,57
"801","Comedy","A Winters Tale","Mopsa",20,145
"802","Comedy","Merchant of Venice","Morocco",103,817
"803","History","Henry IV","Mortimer",60,452
"804","History","Henry VI Part 1","Mortimer",95,673
"805","Comedy","A Midsummer Nights Dream","Moth",2,3
"806","Comedy","Loves Labours Lost","Moth",201,1201
"807","Comedy","Cymbeline","Mother",12,61
"808","Tragedy","Romeo and Juliet","Musician",1,8
"809","Comedy","A Midsummer Nights Dream","Mustardseed",5,9
"810","Tragedy","Titus Andronicus","Mutius",4,26
"811","Tragedy","Troilus and Cressida","Myrmidons",1,8
"812","Comedy","Taming of the Shrew","Nathaniel",4,22
"813","Comedy","Merchant of Venice","Nerissa",84,709
"814","Tragedy","Troilus and Cressida","Nestor",158,1173
"815","Comedy","Taming of the Shrew","Nicholas",1,2
"816","History","Henry VI Part 3","Nobleman",2,16
"817","History","Henry VI Part 3","Norfolk",3,27
"818","History","Henry VIII","Norfolk",213,1527
"819","History","Richard III","Norfolk",10,68
"820","History","Henry IV","Northumberland",26,174
"821","History","Henry VI Part 3","Northumberland",30,247
"822","History","Richard II","Northumberland",142,1119
"823","Tragedy","Romeo and Juliet","Nurse",281,2297
"824","Tragedy","Titus Andronicus","Nurse",19,144
"825","History","Henry v","Nym",46,407
"826","Comedy","Merry Wives of Windsor","Nym",28,253
"827","Comedy","A Midsummer Nights Dream","Oberon",226,1666
"828","Tragedy","Antony and Cleopatra","Octavia",36,237
"829","Tragedy","Julius Caesar","Octavius",46,336
"830","Tragedy","Antony and Cleopatra","Octavius Caesar",418,2937
"831","History","Henry VI Part 1","Of Auvergne",46,355
"832","History","Richard III","Of Buckingham",11,89
"833","Comedy","A Comedy of Errors","Of Ephesus",210,1759
"834","History","Richard III","Of King Henry Vi",8,58
"835","History","Richard III","Of Prince Edward",8,53
"836","Comedy","A Comedy of Errors","Of Syracuse",271,2129
"837","History","Henry VI Part 1","Of Winchester",96,735
"838","History","Richard III","Of Young Princes",9,72
"839","Comedy","A Comedy of Errors","Officer",16,100
"840","Comedy","A Winters Tale","Officer",27,206
"841","Tragedy","Coriolanus","Officer",1,3
"842","History","Henry VI Part 1","Officer",6,51
"843","Tragedy","Timon of Athens","Old Athenian",29,208
"844","History","Henry VIII","Old Lady",65,476
"845","Tragedy","King Lear","Old Man",11,63
"846","Tragedy","Macbeth","Old Man",11,85
"847","Comedy","As you Like it","Oliver",147,1187
"848","Comedy","Twelfth Night","Olivia",308,2360
"849","Tragedy","Hamlet","Ophelia",173,1225
"850","Comedy","As you Like it","Orlando",297,2409
"851","History","Henry v","Orleans",40,323
"852","Tragedy","Hamlet","Osric",48,362
"853","History","Henry IV","Ostler",1,3
"854","Tragedy","King Lear","Oswald",76,515
"855","Tragedy","Othello","Othello",888,6446
"856","Comedy","Two Gentlemen of Verona","Outlaws",1,6
"857","History","Henry VI Part 3","Oxford",35,281
"858","History","Richard III","Oxford",2,14
"859","Comedy","Alls Well that Ends Well","Page",1,7
"860","Comedy","Merry Wives of Windsor","Page",143,1104
"861","History","Richard III","Page",6,39
"862","Tragedy","Romeo and Juliet","Page",9,82
"863","Comedy","Taming of the Shrew","Page",16,123
"864","Tragedy","Timon of Athens","Page",7,52
"865","Tragedy","Timon of Athens","Painter",67,477
"866","Comedy","Pericles","Pandar",28,222
"867","Tragedy","Troilus and Cressida","Pandarus",394,3277
"868","Comedy","Two Gentlemen of Verona","Panthino",43,318
"869","Tragedy","Romeo and Juliet","Paris",70,555
"870","Tragedy","Troilus and Cressida","Paris",98,745
"871","Comedy","Alls Well that Ends Well","Parolles",365,3040
"872","History","Henry VIII","Patience",6,36
"873","Tragedy","Troilus and Cressida","Patroclus",65,417
"874","Comedy","A Winters Tale","Paulina",340,2478
"875","Comedy","A Midsummer Nights Dream","Peaseblossom",4,5
"876","Comedy","Taming of the Shrew","Pedant",50,383
"877","History","King John","Pembroke",78,617
"878","Comedy","A Winters Tale","Perdita",131,931
"879","Comedy","Pericles","Pericles",611,4762
"880","History","Henry VI Part 2","Peter",25,218
"881","History","King John","Peter",1,8
"882","Tragedy","Romeo and Juliet","Peter",33,253
"883","Comedy","Taming of the Shrew","Peter",2,8
"884","History","Henry IV","Peto",16,102
"885","Comedy","Taming of the Shrew","Petruchio",588,4767
"886","Comedy","As you Like it","Phebe",86,715
"887","Comedy","Cymbeline","Philario",42,297
"888","Comedy","Pericles","Philemon",1,4
"889","Comedy","Taming of the Shrew","Philip",1,3
"890","Tragedy","Antony and Cleopatra","Philo",17,133
"891","Comedy","A Midsummer Nights Dream","Philostrate",24,189
"892","Tragedy","Timon of Athens","Philotus",16,103
"893","Tragedy","Timon of Athens","Phrynia",1,4
"894","Comedy","A Comedy of Errors","Pinch",16,108
"895","Tragedy","Julius Caesar","Pindarus",17,124
"896","Comedy","Cymbeline","Pisanio",218,1564
"897","History","Henry v","Pistol",160,1160
"898","Comedy","Merry Wives of Windsor","Pistol",57,411
"899","History","Henry VI Part 1","Plantagenet",92,705
"900","Tragedy","Hamlet","Player King",44,340
"901","Tragedy","Hamlet","Player Queen",30,242
"902","Comedy","Taming of the Shrew","Players",1,4
"903","Tragedy","Julius Caesar","Poet",7,57
"904","Tragedy","Timon of Athens","Poet",104,741
"905","History","Henry IV","Poins",80,599
"906","Comedy","A Winters Tale","Polixenes",273,2024
"907","Tragedy","Antony and Cleopatra","Pompey",140,955
"908","Comedy","Measure for Measure","Pompey",156,1318
"909","Comedy","Measure for Measure","Pomphey",2,8
"910","Tragedy","Julius Caesar","Popilius",2,11
"911","History","Henry VI Part 1","Porter",2,4
"912","History","Henry VIII","Porter",36,289
"913","Tragedy","Macbeth","Porter",46,320
"914","Tragedy","Julius Caesar","Portia",92,741
"915","Comedy","Merchant of Venice","Portia",589,4743
"916","History","Henry VI Part 2","Post",6,45
"917","History","Henry VI Part 3","Post",30,234
"918","Comedy","Cymbeline","Posthumus Leonatus",443,3489
"919","Tragedy","Troilus and Cressida","Priam",20,140
"920","History","Richard III","Priest",1,11
"921","Comedy","Twelfth Night","Priest",8,61
"922","History","Henry VI Part 3","Prince",3,25
"923","Tragedy","Romeo and Juliet","Prince",76,604
"924","History","Henry VI Part 3","Prince Edward",43,345
"925","History","Richard III","Prince Edward",43,352
"926","Tragedy","Hamlet","Prince Fortinbras",28,205
"927","History","Henry v","Prince Fortinbras",2,3
"928","History","Henry IV","Prince Henry",554,4516
"929","History","King John","Prince Henry",30,229
"930","Comedy","Loves Labours Lost","Princess",287,2231
"931","Tragedy","Antony and Cleopatra","Proculeius",32,208
"932","Comedy","A Midsummer Nights Dream","Prologue",35,287
"933","Tragedy","Hamlet","Prologue",3,16
"934","Comedy","The Tempest","Prospero",697,5064
"935","Tragedy","Timon of Athens","Prospero",2,11
"936","Comedy","Two Gentlemen of Verona","Proteus",442,3339
"937","Comedy","Measure for Measure","Provost",163,1161
"938","Tragedy","Julius Caesar","Publius",2,6
"939","Tragedy","Titus Andronicus","Publius",15,127
"940","Comedy","A Midsummer Nights Dream","Puck",211,1433
"941","Comedy","Much Ado About Nothing","Puck",2,8
"942","History","Richard III","Pursuivant",3,21
"943","Comedy","A Midsummer Nights Dream","Pyramus",56,386
"944","Comedy","Cymbeline","Queen",171,1255
"945","History","Richard II","Queen",115,939
"946","History","King John","Queen Elinor",53,420
"947","History","Henry VI Part 3","Queen Elizabeth",37,313
"948","History","Richard III","Queen Elizabeth",275,2199
"949","Tragedy","Hamlet","Queen Gertrude",157,1081
"950","History","Henry v","Queen Isabel",24,189
"951","History","Henry VIII","Queen Katharine",277,2127
"952","History","Henry VI Part 2","Queen Margaret",317,2585
"953","History","Henry VI Part 3","Queen Margaret",279,2323
"954","History","Richard III","Queen Margaret",218,1813
"955","Comedy","A Midsummer Nights Dream","Quince",83,691
"956","Tragedy","Titus Andronicus","Quintus",27,238
"957","History","Henry v","Rambures",8,67
"958","History","Richard III","Ratcliff",30,201
"959","Tragedy","King Lear","Regan",190,1406
"960","History","Henry VI Part 1","Reignier",59,456
"961","Tragedy","Hamlet","Reynaldo",15,65
"962","History","Henry VI Part 2","Richard",24,194
"963","History","Henry VI Part 3","Richard",155,1297
"964","History","Richard III","Richmond",137,1110
"965","Tragedy","Romeo and Juliet","Richmond",15,117
"966","History","Henry VI Part 3","Rivers",7,55
"967","History","Richard III","Rivers",51,425
"968","History","King John","Robert",22,189
"969","Comedy","Merry Wives of Windsor","Robin",13,106
"970","Tragedy","Othello","Roderigo",114,872
"971","Tragedy","Coriolanus","Roman",29,237
"972","Tragedy","Romeo and Juliet","Romeo",613,4839
"973","Comedy","As you Like it","Rosalind",677,5817
"974","Comedy","Loves Labours Lost","Rosaline",172,1380
"975","Tragedy","Hamlet","Rosencrantz",93,705
"976","Tragedy","Macbeth","Ross",135,942
"977","Comedy","Merry Wives of Windsor","Rugby",10,54
"978","History","Henry VI Part 3","Rutland",24,200
"979","Tragedy","Othello","Sailor",4,25
"980","Comedy","Merchant of Venice","Salanio",56,450
"981","Comedy","Merchant of Venice","Salarino",104,818
"982","Comedy","Merchant of Venice","Salerio",24,174
"983","History","Henry v","Salisbury",9,77
"984","History","Henry VI Part 1","Salisbury",15,118
"985","History","Henry VI Part 2","Salisbury",95,738
"986","History","King John","Salisbury",158,1241
"987","Tragedy","Romeo and Juliet","Sampson",31,263
"988","History","Henry VIII","Sands",48,343
"989","Tragedy","Titus Andronicus","Saturninus",211,1639
"990","History","Henry VI Part 2","Say",48,369
"991","History","Henry VI Part 2","Scales",8,65
"992","Tragedy","Antony and Cleopatra","Scarus",40,278
"993","History","Henry VI Part 1","Scout",5,31
"994","History","Henry VIII","Scribe",2,18
"995","History","Richard III","Scrivener",14,123
"996","History","Henry v","Scroop",13,96
"997","Comedy","The Tempest","Sebastian",120,742
"998","Comedy","Twelfth Night","Sebastian",125,1032
"999","Tragedy","Macbeth","Second Apparition",4,23
"1000","Tragedy","Antony and Cleopatra","Second Attendant",1,5
"1001","Tragedy","Timon of Athens","Second Bandit",4,34
"1002","Comedy","Cymbeline","Second Brother",9,63
"1003","Comedy","Cymbeline","Second Captain",9,85
"1004","Tragedy","Romeo and Juliet","Second Capulet",3,18
"1005","History","Henry IV","Second Carrier",16,145
"1006","Tragedy","Coriolanus","Second Citizen",25,177
"1007","Tragedy","Julius Caesar","Second Citizen",21,139
"1008","History","Richard III","Second Citizen",13,105
"1009","Tragedy","Hamlet","Second Clown",18,99
"1010","Tragedy","Julius Caesar","Second Commoner",16,149
"1011","Tragedy","Coriolanus","Second Conspirator",7,40
"1012","Comedy","Pericles","Second Fisherman",28,233
"1013","Comedy","Cymbeline","Second Gaoler",1,4
"1014","Comedy","A Winters Tale","Second Gentleman",17,128
"1015","Comedy","Alls Well that Ends Well","Second Gentleman",11,68
"1016","Comedy","Cymbeline","Second Gentleman",13,75
"1017","History","Henry VI Part 2","Second Gentleman",1,10
"1018","History","Henry VIII","Second Gentleman",115,758
"1019","Comedy","Measure for Measure","Second Gentleman",10,60
"1020","Tragedy","Othello","Second Gentleman",12,79
"1021","Comedy","Pericles","Second Gentleman",18,117
"1022","Tragedy","Othello","Second Gentlemen",2,11
"1023","Tragedy","Titus Andronicus","Second Goth",21,166
"1024","Tragedy","Antony and Cleopatra","Second Guard",4,17
"1025","History","Richard II","Second Herald",7,48
"1026","Comedy","Taming of the Shrew","Second Huntsman",3,30
"1027","History","Henry VI Part 3","Second Keeper",14,128
"1028","Comedy","Pericles","Second Knight",1,9
"1029","Comedy","A Winters Tale","Second Lady",4,22
"1030","Comedy","Alls Well that Ends Well","Second Lord",147,1173
"1031","Comedy","As you Like it","Second Lord",11,75
"1032","Tragedy","Coriolanus","Second Lord",9,62
"1033","Comedy","Cymbeline","Second Lord",47,346
"1034","Comedy","Pericles","Second Lord",11,82
"1035","Tragedy","Timon of Athens","Second Lord",43,292
"1036","Comedy","A Comedy of Errors","Second Merchant",38,277
"1037","Tragedy","Antony and Cleopatra","Second Messenger",4,22
"1038","Tragedy","Coriolanus","Second Messenger",21,147
"1039","History","Henry VI Part 3","Second Messenger",1,8
"1040","History","Richard III","Second Messenger",3,23
"1041","History","Henry VI Part 2","Second Murderer",2,17
"1042","Tragedy","Macbeth","Second Murderer",15,86
"1043","History","Richard III","Second Murderer",58,475
"1044","Tragedy","Romeo and Juliet","Second Musician",4,35
"1045","History","Henry VI Part 2","Second Neighbour",1,9
"1046","Tragedy","Coriolanus","Second Officer",22,188
"1047","Comedy","Twelfth Night","Second Officer",3,19
"1048","Comedy","Two Gentlemen of Verona","Second Outlaw",15,104
"1049","Comedy","As you Like it","Second Page",22,157
"1050","Tragedy","Coriolanus","Second Patrician",1,5
"1051","History","Henry VI Part 2","Second Petitioner",5,40
"1052","Comedy","Pericles","Second Pirate",1,4
"1053","Tragedy","Coriolanus","Second Roman",1,3
"1054","Comedy","Pericles","Second Sailor",6,39
"1055","Tragedy","Coriolanus","Second Senator",20,135
"1056","Comedy","Cymbeline","Second Senator",1,1
"1057","Tragedy","Othello","Second Senator",5,38
"1058","Tragedy","Timon of Athens","Second Senator",62,431
"1059","Comedy","A Winters Tale","Second Servant",2,12
"1060","Tragedy","Antony and Cleopatra","Second Servant",7,59
"1061","Tragedy","King Lear","Second Servant",5,38
"1062","Comedy","Merry Wives of Windsor","Second Servant",1,9
"1063","Tragedy","Romeo and Juliet","Second Servant",12,98
"1064","Comedy","Taming of the Shrew","Second Servant",12,103
"1065","Tragedy","Timon of Athens","Second Servant",17,122
"1066","Tragedy","Coriolanus","Second Servingman",35,270
"1067","Comedy","Alls Well that Ends Well","Second Soldier",2,7
"1068","Tragedy","Antony and Cleopatra","Second Soldier",14,69
"1069","Tragedy","Coriolanus","Second Soldier",1,2
"1070","Tragedy","Julius Caesar","Second Soldier",2,9
"1071","Tragedy","Timon of Athens","Second Stranger",6,49
"1072","History","Henry VI Part 1","Second Warder",2,21
"1073","History","Henry VI Part 3","Second Watchman",8,73
"1074","Comedy","Much Ado About Nothing","Second Watchman",8,60
"1075","Tragedy","Romeo and Juliet","Second Watchman",1,11
"1076","Tragedy","Macbeth","Second Witch",27,136
"1077","Tragedy","Antony and Cleopatra","Seleucus",5,26
"1078","Tragedy","Timon of Athens","Sempronius",27,220
"1079","Tragedy","Othello","Senator",2,7
"1080","Tragedy","Timon of Athens","Senator",35,286
"1081","Tragedy","Coriolanus","Senators",1,7
"1082","History","Henry VI Part 1","Sentinels",2,12
"1083","History","Henry VI Part 1","Sergeant",4,31
"1084","History","Henry VIII","Sergeant",5,28
"1085","Tragedy","Macbeth","Sergeant",35,248
"1086","Comedy","A Comedy of Errors","Servant",15,132
"1087","Comedy","A Winters Tale","Servant",45,386
"1088","Comedy","Alls Well that Ends Well","Servant",4,34
"1089","Tragedy","Hamlet","Servant",1,9
"1090","History","Henry IV","Servant",3,19
"1091","History","Henry VI Part 1","Servant",1,10
"1092","History","Henry VI Part 2","Servant",1,11
"1093","History","Henry VIII","Servant",4,25
"1094","Tragedy","Julius Caesar","Servant",30,218
"1095","Tragedy","Macbeth","Servant",5,22
"1096","Comedy","Measure for Measure","Servant",5,37
"1097","Comedy","Merchant of Venice","Servant",17,128
"1098","Comedy","Merry Wives of Windsor","Servant",1,4
"1099","Comedy","Pericles","Servant",2,17
"1100","History","Richard II","Servant",17,125
"1101","Tragedy","Romeo and Juliet","Servant",23,187
"1102","Comedy","Taming of the Shrew","Servant",5,37
"1103","Tragedy","Timon of Athens","Servant",30,228
"1104","Tragedy","Troilus and Cressida","Servant",19,124
"1105","Comedy","Twelfth Night","Servant",3,23
"1106","History","Henry VI Part 2","Servants",1,3
"1107","Tragedy","Timon of Athens","Servants",1,4
"1108","Tragedy","Timon of Athens","Servilius",21,164
"1109","Tragedy","Coriolanus","Seventh Citizen",2,18
"1110","Tragedy","Julius Caesar","Several Citizens",2,7
"1111","Comedy","Much Ado About Nothing","Sexton",15,107
"1112","Tragedy","Macbeth","Seyton",5,33
"1113","Comedy","Merry Wives of Windsor","Shallow",112,921
"1114","Comedy","A Winters Tale","Shepard",2,15
"1115","Comedy","A Winters Tale","Shepherd",134,1092
"1116","History","Henry VI Part 1","Shepherd",24,205
"1117","History","Henry IV","Sheriff",8,61
"1118","History","Henry VI Part 2","Sheriff",4,34
"1119","History","Richard III","Sheriff",2,11
"1120","Comedy","Merchant of Venice","Shylock",355,2939
"1121","Comedy","Cymbeline","Sicilius Leonatus",40,235
"1122","Tragedy","Coriolanus","Sicinius",306,1928
"1123","Tragedy","Antony and Cleopatra","Silius",12,67
"1124","Comedy","Two Gentlemen of Verona","Silvia",155,1163
"1125","Comedy","As you Like it","Silvius",75,549
"1126","Comedy","Pericles","Simonides",157,1163
"1127","History","Henry VI Part 2","Simpcox",25,190
"1128","Comedy","Merry Wives of Windsor","Simple",49,343
"1129","Comedy","Twelfth Night","Sir Andrew",147,1219
"1130","Comedy","Merry Wives of Windsor","Sir Hugh Evans",222,1819
"1131","History","Henry VI Part 2","Sir Humphrey",16,117
"1132","History","Henry IV","Sir Michael",8,53
"1133","Comedy","Loves Labours Lost","Sir Nathaniel",67,533
"1134","Comedy","As you Like it","Sir Oliver Martext",4,37
"1135","History","Richard II","Sir Stephen Scroop",37,293
"1136","Comedy","Twelfth Night","Sir Toby Belch",332,2777
"1137","History","Henry IV","Sir Walter Blunt",41,303
"1138","Tragedy","Macbeth","Siward",30,211
"1139","Tragedy","Coriolanus","Sixth Citizen",2,13
"1140","Comedy","Merry Wives of Windsor","Slender",141,1184
"1141","Comedy","Taming of the Shrew","Sly",63,538
"1142","History","Henry VI Part 2","Smith",15,131
"1143","Comedy","A Midsummer Nights Dream","Snout",7,60
"1144","Comedy","A Midsummer Nights Dream","Snug",6,52
"1145","Tragedy","Antony and Cleopatra","Soldier",38,233
"1146","History","Henry VI Part 1","Soldier",4,35
"1147","History","Henry VI Part 2","Soldier",1,4
"1148","History","Henry VI Part 3","Soldier",2,19
"1149","Tragedy","Timon of Athens","Soldier",15,126
"1150","Tragedy","Macbeth","Soldiers",1,4
"1151","Tragedy","Timon of Athens","some Others",1,3
"1152","Tragedy","Timon of Athens","some Speak",1,5
"1153","History","Henry VI Part 1","Somerset",73,533
"1154","History","Henry VI Part 2","Somerset",25,182
"1155","History","Henry VI Part 3","Somerset",39,323
"1156","History","Henry VI Part 3","Son",22,202
"1157","Tragedy","Macbeth","Son",20,148
"1158","Tragedy","Antony and Cleopatra","Soothsayer",31,216
"1159","Comedy","Cymbeline","Soothsayer",43,328
"1160","Tragedy","Julius Caesar","Soothsayer",18,132
"1161","Comedy","Two Gentlemen of Verona","Speed",194,1482
"1162","History","Henry VI Part 2","Spirit",9,61
"1163","History","Henry VI Part 2","Stanley",7,62
"1164","History","Richard III","Stanley",30,243
"1165","Comedy","A Midsummer Nights Dream","Starveling",5,32
"1166","Comedy","Merchant of Venice","Stephano",8,55
"1167","Comedy","The Tempest","Stephano",163,1343
"1168","Comedy","Alls Well that Ends Well","Steward",43,350
"1169","Tragedy","Julius Caesar","Strato",7,59
"1170","History","Henry VI Part 1","Su Ffolk",6,44
"1171","History","Henry VI Part 1","Suffolk",170,1283
"1172","History","Henry VI Part 2","Suffolk",297,2355
"1173","History","Henry VIII","Suffolk",93,649
"1174","History","Henry VIII","Surrey",82,536
"1175","History","Richard III","Surrey",1,9
"1176","History","Henry VIII","Surveyor",61,464
"1177","Comedy","Taming of the Shrew","Tailor",17,117
"1178","History","Henry VI Part 1","Talbot",419,3259
"1179","Tragedy","Titus Andronicus","Tamora",259,2031
"1180","Tragedy","Antony and Cleopatra","Taurus",1,2
"1181","Comedy","Pericles","Thaisa",82,596
"1182","Comedy","Pericles","Thaliard",27,216
"1183","Tragedy","Troilus and Cressida","Thersites",284,2364
"1184","Comedy","A Midsummer Nights Dream","Theseus",233,1761
"1185","History","Henry IV","Thieves",1,1
"1186","Tragedy","Macbeth","Third Apparition",5,34
"1187","Tragedy","Timon of Athens","Third Bandit",6,44
"1188","Tragedy","Coriolanus","Third Citizen",57,490
"1189","Tragedy","Julius Caesar","Third Citizen",22,136
"1190","History","Richard III","Third Citizen",28,236
"1191","Tragedy","Coriolanus","Third Conspirator",12,81
"1192","Comedy","Pericles","Third Fisherman",18,153
"1193","Comedy","A Winters Tale","Third Gentleman",66,604
"1194","History","Henry VIII","Third Gentleman",57,448
"1195","Tragedy","Othello","Third Gentleman",17,115
"1196","Tragedy","Titus Andronicus","Third Goth",2,15
"1197","Tragedy","Antony and Cleopatra","Third Guard",1,3
"1198","Comedy","Pericles","Third Knight",1,8
"1199","Tragedy","Coriolanus","Third Lord",2,12
"1200","Comedy","Pericles","Third Lord",3,26
"1201","Tragedy","Timon of Athens","Third Lord",12,79
"1202","History","Richard III","Third Messenger",7,52
"1203","Tragedy","Macbeth","Third Murderer",8,43
"1204","Tragedy","Romeo and Juliet","Third Musician",1,7
"1205","History","Henry VI Part 2","Third Neighbour",2,16
"1206","Comedy","Two Gentlemen of Verona","Third Outlaw",25,213
"1207","Comedy","Pericles","Third Pirate",2,12
"1208","Tragedy","Coriolanus","Third Roman",1,9
"1209","Tragedy","Timon of Athens","Third Senator",5,36
"1210","Tragedy","King Lear","Third Servant",5,40
"1211","Comedy","Taming of the Shrew","Third Servant",12,101
"1212","Tragedy","Timon of Athens","Third Servant",10,76
"1213","Tragedy","Coriolanus","Third Servingman",49,406
"1214","Tragedy","Antony and Cleopatra","Third Soldier",13,52
"1215","Tragedy","Julius Caesar","Third Soldier",1,1
"1216","Tragedy","Timon of Athens","Third Stranger",1,4
"1217","History","Henry VI Part 3","Third Watchman",9,74
"1218","Tragedy","Romeo and Juliet","Third Watchman",3,26
"1219","Tragedy","Macbeth","Third Witch",27,140
"1220","Comedy","A Midsummer Nights Dream","Thisbe",34,182
"1221","History","Richard II","Thomas Mowbray",135,1093
"1222","Comedy","Two Gentlemen of Verona","Thurio",56,390
"1223","Tragedy","Antony and Cleopatra","Thyreus",31,186
"1224","Tragedy","Timon of Athens","Timandra",8,46
"1225","Comedy","A Winters Tale","Time",33,274
"1226","Tragedy","Timon of Athens","Timon",824,6239
"1227","Comedy","A Midsummer Nights Dream","Titania",158,1194
"1228","Tragedy","Julius Caesar","Titinius",31,236
"1229","Tragedy","Coriolanus","Titus",5,28
"1230","Tragedy","Timon of Athens","Titus",19,120
"1231","Tragedy","Titus Andronicus","Titus Andronicus",725,5924
"1232","Comedy","As you Like it","Touchstone",275,2406
"1233","History","Henry VI Part 2","Townsman",4,31
"1234","Comedy","Taming of the Shrew","Tranio",293,2321
"1235","History","Henry IV","Travellers",2,13
"1236","Tragedy","Julius Caesar","Trebonius",9,60
"1237","Tragedy","Titus Andronicus","Tribunes",3,19
"1238","Comedy","The Tempest","Trinculo",106,852
"1239","Tragedy","Troilus and Cressida","Troilus",537,4071
"1240","Comedy","Merchant of Venice","Tubal",12,98
"1241","History","Henry VI Part 3","Tutor",3,24
"1242","Tragedy","Romeo and Juliet","Tybalt",36,266
"1243","Comedy","Pericles","Tyrian Sailor",10,60
"1244","History","Richard III","Tyrrel",38,274
"1245","Tragedy","Troilus and Cressida","Ulysses",488,3605
"1246","Comedy","Much Ado About Nothing","Ursula",48,368
"1247","Comedy","Twelfth Night","Valentine",13,104
"1248","Comedy","Two Gentlemen of Verona","Valentine",383,2887
"1249","Tragedy","Coriolanus","Valeria",41,353
"1250","Tragedy","Antony and Cleopatra","Varrius",4,27
"1251","Tragedy","Julius Caesar","Varro",4,21
"1252","History","Richard III","Vaughan",1,9
"1253","History","Henry VI Part 2","Vaux",11,85
"1254","History","Henry VIII","Vaux",4,24
"1255","Tragedy","Antony and Cleopatra","Ventidius",30,229
"1256","Tragedy","Timon of Athens","Ventidius",9,61
"1257","Comedy","Much Ado About Nothing","Verges",25,191
"1258","History","Henry IV","Vernon",66,474
"1259","History","Henry VI Part 1","Vernon",29,241
"1260","Comedy","Taming of the Shrew","Vincentio",47,355
"1261","History","Henry IV","Vintner",4,33
"1262","Comedy","Twelfth Night","Viola",337,2619
"1263","Tragedy","Coriolanus","Virgilia",35,236
"1264","Tragedy","Coriolanus","Volsce",20,163
"1265","Tragedy","Hamlet","Voltimand",22,162
"1266","Tragedy","Coriolanus","Volumnia",314,2491
"1267","Tragedy","Julius Caesar","Volumnius",3,18
"1268","Comedy","A Midsummer Nights Dream","Wall",12,99
"1269","History","Henry v","Warwick",1,8
"1270","History","Henry VI Part 1","Warwick",80,563
"1271","History","Henry VI Part 2","Warwick",131,1088
"1272","History","Henry VI Part 3","Warwick",436,3534
"1273","History","Henry VI Part 1","Watch",2,12
"1274","Comedy","Much Ado About Nothing","Watchman",15,108
"1275","History","Henry IV","Westmoreland",41,301
"1276","History","Henry v","Westmoreland",27,208
"1277","History","Henry VI Part 3","Westmoreland",11,89
"1278","History","Henry VI Part 2","Whitmore",19,156
"1279","Comedy","Alls Well that Ends Well","Widow",65,440
"1280","Comedy","Taming of the Shrew","Widow",11,78
"1281","History","Henry VI Part 2","Wife",8,56
"1282","Comedy","As you Like it","William",11,44
"1283","Comedy","Merry Wives of Windsor","William Page",12,37
"1284","History","Henry VI Part 2","William Stafford",7,47
"1285","History","Henry v","Williams",70,628
"1286","History","Henry VI Part 1","Woodvile",5,38
"1287","History","Henry IV","Worcester",1,9
"1288","History","Henry v","York",2,14
"1289","History","Henry VI Part 1","York",95,714
"1290","History","Henry VI Part 2","York",386,3140
"1291","History","Henry VI Part 3","York",171,1366
"1292","History","Richard III","York",40,336
"1293","History","Henry VI Part 2","Young Clifford",46,353
"1294","Tragedy","Titus Andronicus","Young Lucius",45,359
"1295","Tragedy","Coriolanus","Young Marcius",2,19
"1296","Tragedy","Macbeth","Young Siward",7,46
